"callServiceTrapMOCallsTimedOut",".iso.org.dod.internet.private.enterprises.roamware.callService-mob.callServiceAlarmModule.callServiceAlarmGroup.callServiceTrapMOCallsTimedOut",".1.3.6.1.4.1.11150.95.10.0.1",,,"","Roamware-CALLSVC10-V2-MIB","Indicates that the percentage of MO Calls timed out is too high."
"callServiceTrapMOCallsReleased",".iso.org.dod.internet.private.enterprises.roamware.callService-mob.callServiceAlarmModule.callServiceAlarmGroup.callServiceTrapMOCallsReleased",".1.3.6.1.4.1.11150.95.10.0.2",,,"","Roamware-CALLSVC10-V2-MIB","Indicates that the percentage of MO Calls released by SCF is too high."
"callServiceTrapMOCallsAborted",".iso.org.dod.internet.private.enterprises.roamware.callService-mob.callServiceAlarmModule.callServiceAlarmGroup.callServiceTrapMOCallsAborted",".1.3.6.1.4.1.11150.95.10.0.3",,,"","Roamware-CALLSVC10-V2-MIB","Indicates that the percentage of MO Calls aborted is too high."
"callServiceTrapMOCallsError",".iso.org.dod.internet.private.enterprises.roamware.callService-mob.callServiceAlarmModule.callServiceAlarmGroup.callServiceTrapMOCallsError",".1.3.6.1.4.1.11150.95.10.0.4",,,"","Roamware-CALLSVC10-V2-MIB","Indicates that the percentage of MO Calls failed due to Return Error is too high."
"callServiceTrapMOCallsNotAnswered",".iso.org.dod.internet.private.enterprises.roamware.callService-mob.callServiceAlarmModule.callServiceAlarmGroup.callServiceTrapMOCallsNotAnswered",".1.3.6.1.4.1.11150.95.10.0.5",,,"","Roamware-CALLSVC10-V2-MIB","Indicates that the percentage of MO Calls not answered is too high."
"callServiceTrapMOCallsBusy",".iso.org.dod.internet.private.enterprises.roamware.callService-mob.callServiceAlarmModule.callServiceAlarmGroup.callServiceTrapMOCallsBusy",".1.3.6.1.4.1.11150.95.10.0.6",,,"","Roamware-CALLSVC10-V2-MIB","Indicates that the percentage of busy MO Calls is too high."
"callServiceTrapMOCallsAbandoned",".iso.org.dod.internet.private.enterprises.roamware.callService-mob.callServiceAlarmModule.callServiceAlarmGroup.callServiceTrapMOCallsAbandoned",".1.3.6.1.4.1.11150.95.10.0.7",,,"","Roamware-CALLSVC10-V2-MIB","Indicates that the percentage of MO Calls abandoned is too high."
"callServiceTrapMOCallsRouteSelectFailure",".iso.org.dod.internet.private.enterprises.roamware.callService-mob.callServiceAlarmModule.callServiceAlarmGroup.callServiceTrapMOCallsRouteSelectFailure",".1.3.6.1.4.1.11150.95.10.0.8",,,"","Roamware-CALLSVC10-V2-MIB","Indicates that the percentage of MO Calls failed due to Route select failure is too high."
"callServiceTrapMTCallsTimedOut",".iso.org.dod.internet.private.enterprises.roamware.callService-mob.callServiceAlarmModule.callServiceAlarmGroup.callServiceTrapMTCallsTimedOut",".1.3.6.1.4.1.11150.95.10.0.9",,,"","Roamware-CALLSVC10-V2-MIB","Indicates that the percentage of MT Calls timed out is too high."
"callServiceTrapMTCallsReleased",".iso.org.dod.internet.private.enterprises.roamware.callService-mob.callServiceAlarmModule.callServiceAlarmGroup.callServiceTrapMTCallsReleased",".1.3.6.1.4.1.11150.95.10.0.10",,,"","Roamware-CALLSVC10-V2-MIB","Indicates that the percentage of MT Calls released by SCF is too high."
"callServiceTrapMTCallsAborted",".iso.org.dod.internet.private.enterprises.roamware.callService-mob.callServiceAlarmModule.callServiceAlarmGroup.callServiceTrapMTCallsAborted",".1.3.6.1.4.1.11150.95.10.0.11",,,"","Roamware-CALLSVC10-V2-MIB","Indicates that the percentage of MT Calls aborted is too high."
"callServiceTrapMTCallsError",".iso.org.dod.internet.private.enterprises.roamware.callService-mob.callServiceAlarmModule.callServiceAlarmGroup.callServiceTrapMTCallsError",".1.3.6.1.4.1.11150.95.10.0.12",,,"","Roamware-CALLSVC10-V2-MIB","Indicates that the percentage of MT Calls failed due to Return Error is too high."
"callServiceTrapMTCallsNotAnswered",".iso.org.dod.internet.private.enterprises.roamware.callService-mob.callServiceAlarmModule.callServiceAlarmGroup.callServiceTrapMTCallsNotAnswered",".1.3.6.1.4.1.11150.95.10.0.13",,,"","Roamware-CALLSVC10-V2-MIB","Indicates that the percentage of MT Calls not answered is too high."
"callServiceTrapMTCallsBusy",".iso.org.dod.internet.private.enterprises.roamware.callService-mob.callServiceAlarmModule.callServiceAlarmGroup.callServiceTrapMTCallsBusy",".1.3.6.1.4.1.11150.95.10.0.14",,,"","Roamware-CALLSVC10-V2-MIB","Indicates that the percentage of busy MT Calls is too high."
"callServiceTrapMTCallsAbandoned",".iso.org.dod.internet.private.enterprises.roamware.callService-mob.callServiceAlarmModule.callServiceAlarmGroup.callServiceTrapMTCallsAbandoned",".1.3.6.1.4.1.11150.95.10.0.15",,,"","Roamware-CALLSVC10-V2-MIB","Indicates that the percentage of MT Calls abandoned is too high."
"callServiceTrapMOSMSFailed",".iso.org.dod.internet.private.enterprises.roamware.callService-mob.callServiceAlarmModule.callServiceAlarmGroup.callServiceTrapMOSMSFailed",".1.3.6.1.4.1.11150.95.10.0.16",,,"","Roamware-CALLSVC10-V2-MIB","Indicates that the percentage of failed MO SMS is too high."
"callServiceTrapMOSMSTimedOut",".iso.org.dod.internet.private.enterprises.roamware.callService-mob.callServiceAlarmModule.callServiceAlarmGroup.callServiceTrapMOSMSTimedOut",".1.3.6.1.4.1.11150.95.10.0.17",,,"","Roamware-CALLSVC10-V2-MIB","Indicates that the percentage of MO SMS timed out is too high."
"callServiceTrapMOSMSReleased",".iso.org.dod.internet.private.enterprises.roamware.callService-mob.callServiceAlarmModule.callServiceAlarmGroup.callServiceTrapMOSMSReleased",".1.3.6.1.4.1.11150.95.10.0.18",,,"","Roamware-CALLSVC10-V2-MIB","Indicates that the percentage of MO SMS released by SCF is too high."
"callServiceTrapMOSMSAborted",".iso.org.dod.internet.private.enterprises.roamware.callService-mob.callServiceAlarmModule.callServiceAlarmGroup.callServiceTrapMOSMSAborted",".1.3.6.1.4.1.11150.95.10.0.19",,,"","Roamware-CALLSVC10-V2-MIB","Indicates that the percentage of MO SMS aborted is too high."
"callServiceTrapMOSMSError",".iso.org.dod.internet.private.enterprises.roamware.callService-mob.callServiceAlarmModule.callServiceAlarmGroup.callServiceTrapMOSMSError",".1.3.6.1.4.1.11150.95.10.0.20",,,"","Roamware-CALLSVC10-V2-MIB","Indicates that the percentage of MO SMS failed due to Return Error is too high."
"callServiceTrapMTCallsRouteSelectFailure",".iso.org.dod.internet.private.enterprises.roamware.callService-mob.callServiceAlarmModule.callServiceAlarmGroup.callServiceTrapMTCallsRouteSelectFailure",".1.3.6.1.4.1.11150.95.10.0.21",,,"","Roamware-CALLSVC10-V2-MIB","Indicates that the percentage of MT Calls failed due to Route select failure is too high."
"callServiceTrapMOCallsReleaseResponse",".iso.org.dod.internet.private.enterprises.roamware.callService-mob.callServiceAlarmModule.callServiceAlarmGroup.callServiceTrapMOCallsReleaseResponse",".1.3.6.1.4.1.11150.95.10.0.22",,,"","Roamware-CALLSVC10-V2-MIB","Indicates that the percentage of MO Calls for which Release was sent to SSP is too high."
"callServiceTrapMOCallsAbortResponse",".iso.org.dod.internet.private.enterprises.roamware.callService-mob.callServiceAlarmModule.callServiceAlarmGroup.callServiceTrapMOCallsAbortResponse",".1.3.6.1.4.1.11150.95.10.0.23",,,"","Roamware-CALLSVC10-V2-MIB","Indicates that the percentage of MO Calls for which Abort was sent to SSP is too high."
"callServiceTrapMOCallsErrorResponse",".iso.org.dod.internet.private.enterprises.roamware.callService-mob.callServiceAlarmModule.callServiceAlarmGroup.callServiceTrapMOCallsErrorResponse",".1.3.6.1.4.1.11150.95.10.0.24",,,"","Roamware-CALLSVC10-V2-MIB","Indicates that the percentage of MO Calls for which Return Error was sent to SSP is too high."
"callServiceTrapMTCallsReleaseResponse",".iso.org.dod.internet.private.enterprises.roamware.callService-mob.callServiceAlarmModule.callServiceAlarmGroup.callServiceTrapMTCallsReleaseResponse",".1.3.6.1.4.1.11150.95.10.0.25",,,"","Roamware-CALLSVC10-V2-MIB","Indicates that the percentage of MT Calls for which Release was sent to SSP is too high."
"callServiceTrapMTCallsAbortResponse",".iso.org.dod.internet.private.enterprises.roamware.callService-mob.callServiceAlarmModule.callServiceAlarmGroup.callServiceTrapMTCallsAbortResponse",".1.3.6.1.4.1.11150.95.10.0.26",,,"","Roamware-CALLSVC10-V2-MIB","Indicates that the percentage of MT Calls for which Abort was sent to SSP is too high."
"callServiceTrapMTCallsErrorResponse",".iso.org.dod.internet.private.enterprises.roamware.callService-mob.callServiceAlarmModule.callServiceAlarmGroup.callServiceTrapMTCallsErrorResponse",".1.3.6.1.4.1.11150.95.10.0.27",,,"","Roamware-CALLSVC10-V2-MIB","Indicates that the percentage of MT Calls for which Return Error was sent to SSP is too high."
"callServiceTrapMOCallsCalledPartyNotReachable",".iso.org.dod.internet.private.enterprises.roamware.callService-mob.callServiceAlarmModule.callServiceAlarmGroup.callServiceTrapMOCallsCalledPartyNotReachable",".1.3.6.1.4.1.11150.95.10.0.28",,,"","Roamware-CALLSVC10-V2-MIB","Indicates that the percentage of MO Calls failed due to Called Party Unreachable is too high."
"callServiceTrapMTCallsCalledPartyNotReachable",".iso.org.dod.internet.private.enterprises.roamware.callService-mob.callServiceAlarmModule.callServiceAlarmGroup.callServiceTrapMTCallsCalledPartyNotReachable",".1.3.6.1.4.1.11150.95.10.0.29",,,"","Roamware-CALLSVC10-V2-MIB","Indicates that the percentage of MT Calls failed due to Called Party Unreachable is too high."
"callServiceTrapMOCallsSSPTimeouts",".iso.org.dod.internet.private.enterprises.roamware.callService-mob.callServiceAlarmModule.callServiceAlarmGroup.callServiceTrapMOCallsSSPTimeouts",".1.3.6.1.4.1.11150.95.10.0.30",,,"","Roamware-CALLSVC10-V2-MIB","Indicates that the percentage of MO Calls failed due to SSP timeouts is too high."
"callServiceTrapMOCallsSSPAborts",".iso.org.dod.internet.private.enterprises.roamware.callService-mob.callServiceAlarmModule.callServiceAlarmGroup.callServiceTrapMOCallsSSPAborts",".1.3.6.1.4.1.11150.95.10.0.31",,,"","Roamware-CALLSVC10-V2-MIB","Indicates that the percentage of MO Calls failed due to SSP aborts is too high."
"callServiceTrapMOCallsSSPErrors",".iso.org.dod.internet.private.enterprises.roamware.callService-mob.callServiceAlarmModule.callServiceAlarmGroup.callServiceTrapMOCallsSSPErrors",".1.3.6.1.4.1.11150.95.10.0.32",,,"","Roamware-CALLSVC10-V2-MIB","Indicates that the percentage of MO Calls failed due to SSP Return Errors is too high."
"callServiceTrapMTCallsSSPTimeouts",".iso.org.dod.internet.private.enterprises.roamware.callService-mob.callServiceAlarmModule.callServiceAlarmGroup.callServiceTrapMTCallsSSPTimeouts",".1.3.6.1.4.1.11150.95.10.0.33",,,"","Roamware-CALLSVC10-V2-MIB","Indicates that the percentage of MT Calls failed due to SSP timeouts is too high."
"callServiceTrapMTCallsSSPAborts",".iso.org.dod.internet.private.enterprises.roamware.callService-mob.callServiceAlarmModule.callServiceAlarmGroup.callServiceTrapMTCallsSSPAborts",".1.3.6.1.4.1.11150.95.10.0.34",,,"","Roamware-CALLSVC10-V2-MIB","Indicates that the percentage of MT Calls failed due to SSP aborts is too high."
"callServiceTrapMTCallsSSPErrors",".iso.org.dod.internet.private.enterprises.roamware.callService-mob.callServiceAlarmModule.callServiceAlarmGroup.callServiceTrapMTCallsSSPErrors",".1.3.6.1.4.1.11150.95.10.0.35",,,"","Roamware-CALLSVC10-V2-MIB","Indicates that the percentage of MT Calls failed due to SSP Return Errors is too high."
"csvProcessorSysUp",".iso.org.dod.internet.private.enterprises.roamware.csvProcessor-mob.csvProcessorTrapsModule.csvProcessorTrapsGroup.csvProcessorSysUp",".1.3.6.1.4.1.11150.89.2.0.1",,,"","Roamware-CSVProcessor-V2-MIB","Indicates that the CSVProcessor is up and active."
"csvProcessorSysDown",".iso.org.dod.internet.private.enterprises.roamware.csvProcessor-mob.csvProcessorTrapsModule.csvProcessorTrapsGroup.csvProcessorSysDown",".1.3.6.1.4.1.11150.89.2.0.2",,,"","Roamware-CSVProcessor-V2-MIB","Indicates that the CSVProcessor is shutting down."
"csvProcessorDBConnStatus",".iso.org.dod.internet.private.enterprises.roamware.csvProcessor-mob.csvProcessorTrapsModule.csvProcessorTrapsGroup.csvProcessorDBConnStatus",".1.3.6.1.4.1.11150.89.2.0.3",,,"","Roamware-CSVProcessor-V2-MIB","Indicates the database connection status."
"csvProcessorProcessingError",".iso.org.dod.internet.private.enterprises.roamware.csvProcessor-mob.csvProcessorTrapsModule.csvProcessorTrapsGroup.csvProcessorProcessingError",".1.3.6.1.4.1.11150.89.2.0.4",,,"","Roamware-CSVProcessor-V2-MIB","Indicates a processing error in CSVProcessor."
"csvProcessorFileRotateError",".iso.org.dod.internet.private.enterprises.roamware.csvProcessor-mob.csvProcessorTrapsModule.csvProcessorTrapsGroup.csvProcessorFileRotateError",".1.3.6.1.4.1.11150.89.2.0.5",,,"","Roamware-CSVProcessor-V2-MIB","Indicates a problem with file rotation."
"imasSysUp",".iso.org.dod.internet.private.enterprises.roamware.imas-mob.imasTrapsModule.imasTrapsGroup.imasSysUp",".1.3.6.1.4.1.11150.115.5.0.1",,,"","Roamware-iMAS-V2-MIB","Indicates that the iMAS instance is up and active."
"imasSysDown",".iso.org.dod.internet.private.enterprises.roamware.imas-mob.imasTrapsModule.imasTrapsGroup.imasSysDown",".1.3.6.1.4.1.11150.115.5.0.2",,,"","Roamware-iMAS-V2-MIB","Indicates that the iMAS instance is shutting down."
"imasDBConn",".iso.org.dod.internet.private.enterprises.roamware.imas-mob.imasTrapsModule.imasTrapsGroup.imasDBConn",".1.3.6.1.4.1.11150.115.5.0.3",,,"","Roamware-iMAS-V2-MIB","Indicates abnormal condition with a database connection pool."
"imasHeartBeat",".iso.org.dod.internet.private.enterprises.roamware.imas-mob.imasTrapsModule.imasTrapsGroup.imasHeartBeat",".1.3.6.1.4.1.11150.115.5.0.4",,,"","Roamware-iMAS-V2-MIB","Indicates a heartbeat to inform that the application is running normally."
"imasResync",".iso.org.dod.internet.private.enterprises.roamware.imas-mob.imasTrapsModule.imasTrapsGroup.imasResync",".1.3.6.1.4.1.11150.115.5.0.5",,,"","Roamware-iMAS-V2-MIB","Indicates start and end of traps resync activity."
"indexerSysUp",".iso.org.dod.internet.private.enterprises.roamware.indexer-mob.indexerTrapsModule.indexerTrapsGroup.indexerSysUp",".1.3.6.1.4.1.11150.105.5.0.1",,,"","Roamware-RDB-V2-MIB","Indicates that the Indexer system is up and active."
"indexerSysDown",".iso.org.dod.internet.private.enterprises.roamware.indexer-mob.indexerTrapsModule.indexerTrapsGroup.indexerSysDown",".1.3.6.1.4.1.11150.105.5.0.2",,,"","Roamware-RDB-V2-MIB","Indicates that the Indexer system is shutting down."
"indexerTrapsResync",".iso.org.dod.internet.private.enterprises.roamware.indexer-mob.indexerTrapsModule.indexerTrapsGroup.indexerTrapsResync",".1.3.6.1.4.1.11150.105.5.0.3",,,"","Roamware-RDB-V2-MIB","Indicates the start and end of a trap resync operation."
"indexerHeartbeat",".iso.org.dod.internet.private.enterprises.roamware.indexer-mob.indexerTrapsModule.indexerTrapsGroup.indexerHeartbeat",".1.3.6.1.4.1.11150.105.5.0.4",,,"","Roamware-RDB-V2-MIB","Indicates that the application is up and running."
"mmServiceTrapVlrProfileUpdateFailures",".iso.org.dod.internet.private.enterprises.roamware.pmms-mob.mmServiceAlarmModule.mmServiceAlarmGroup.mmServiceTrapVlrProfileUpdateFailures",".1.3.6.1.4.1.11150.103.10.0.1",,,"","MMSERVICE-V2-MIB","Indicates that the percentage of vlr profile update failures is too high."
"mmServiceTrapVlrProfileUpdatesAbnormal",".iso.org.dod.internet.private.enterprises.roamware.pmms-mob.mmServiceAlarmModule.mmServiceAlarmGroup.mmServiceTrapVlrProfileUpdatesAbnormal",".1.3.6.1.4.1.11150.103.10.0.2",,,"","MMSERVICE-V2-MIB","Indicates that the number of vlr profile update attempts too high/low compared to previous interval."
"mmServiceTrapVlrULsMonitoredAbnormal",".iso.org.dod.internet.private.enterprises.roamware.pmms-mob.mmServiceAlarmModule.mmServiceAlarmGroup.mmServiceTrapVlrULsMonitoredAbnormal",".1.3.6.1.4.1.11150.103.10.0.3",,,"","MMSERVICE-V2-MIB","Indicates that the number of vlr update locations is too high/low compared to previous interval."
"mmServiceTrapSgsnProfileUpdateFailures",".iso.org.dod.internet.private.enterprises.roamware.pmms-mob.mmServiceAlarmModule.mmServiceAlarmGroup.mmServiceTrapSgsnProfileUpdateFailures",".1.3.6.1.4.1.11150.103.10.0.5",,,"","MMSERVICE-V2-MIB","Indicates that the percentage of sgsn profile update failures is too high."
"mmServiceTrapSgsnProfileUpdatesAbnormal",".iso.org.dod.internet.private.enterprises.roamware.pmms-mob.mmServiceAlarmModule.mmServiceAlarmGroup.mmServiceTrapSgsnProfileUpdatesAbnormal",".1.3.6.1.4.1.11150.103.10.0.6",,,"","MMSERVICE-V2-MIB","Indicates that the number of sgsn profile update attempts is too high/low compared to previous interval."
"mmServiceSgsnULsMonitoredAbnormal",".iso.org.dod.internet.private.enterprises.roamware.pmms-mob.mmServiceAlarmModule.mmServiceAlarmGroup.mmServiceSgsnULsMonitoredAbnormal",".1.3.6.1.4.1.11150.103.10.0.7",,,"","MMSERVICE-V2-MIB","Indicates that the number of sgsn update locations is too high/low compared to previous interval."
"mmServiceVLREmlppFailedAbnormal",".iso.org.dod.internet.private.enterprises.roamware.pmms-mob.mmServiceAlarmModule.mmServiceAlarmGroup.mmServiceVLREmlppFailedAbnormal",".1.3.6.1.4.1.11150.103.10.0.8",,,"","MMSERVICE-V2-MIB","Indicates that the number of EMLPP failures too high/low compared to previous interval."
"mmServiceTrapInternalIDRRequestFailed",".iso.org.dod.internet.private.enterprises.roamware.pmms-mob.mmServiceAlarmModule.mmServiceAlarmGroup.mmServiceTrapInternalIDRRequestFailed",".1.3.6.1.4.1.11150.103.10.0.9",,,"","MMSERVICE-V2-MIB","Indicates that the percentage of IDRs failed due to Internal request is too high/low compared to previous interval."
"mmServiceTrapInternalDSRRequestFailed",".iso.org.dod.internet.private.enterprises.roamware.pmms-mob.mmServiceAlarmModule.mmServiceAlarmGroup.mmServiceTrapInternalDSRRequestFailed",".1.3.6.1.4.1.11150.103.10.0.10",,,"","MMSERVICE-V2-MIB","Indicates that the percentage of DSRs failed due to Internal request is too high/low compared to previous interval."
"mmServiceTrapInternalCLRRequestFailed",".iso.org.dod.internet.private.enterprises.roamware.pmms-mob.mmServiceAlarmModule.mmServiceAlarmGroup.mmServiceTrapInternalCLRRequestFailed",".1.3.6.1.4.1.11150.103.10.0.11",,,"","MMSERVICE-V2-MIB","Indicates that the percentage of CLRs failed due to Internal request is too high/low compared to previous interval."
"rdbSysUp",".iso.org.dod.internet.private.enterprises.roamware.rdb-mob.rdbTrapsModule.rdbTrapsGroup.rdbSysUp",".1.3.6.1.4.1.11150.6.5.0.1",,,"","Roamware-RDB-V2-MIB","Indicates that the DBWriter system is up and active."
"rdbSysDown",".iso.org.dod.internet.private.enterprises.roamware.rdb-mob.rdbTrapsModule.rdbTrapsGroup.rdbSysDown",".1.3.6.1.4.1.11150.6.5.0.2",,,"","Roamware-RDB-V2-MIB","Indicates that the DBWriter system is shutting down."
"rdbDBConnection",".iso.org.dod.internet.private.enterprises.roamware.rdb-mob.rdbTrapsModule.rdbTrapsGroup.rdbDBConnection",".1.3.6.1.4.1.11150.6.5.0.3",,,"","Roamware-RDB-V2-MIB","Indicates abnormal condition of database connections."
"rdbStatusChange",".iso.org.dod.internet.private.enterprises.roamware.rdb-mob.rdbTrapsModule.rdbTrapsGroup.rdbStatusChange",".1.3.6.1.4.1.11150.6.5.0.5",,,"","Roamware-RDB-V2-MIB","Indicates the state of the system going from passive to active."
"rdbProbeConn",".iso.org.dod.internet.private.enterprises.roamware.rdb-mob.rdbTrapsModule.rdbTrapsGroup.rdbProbeConn",".1.3.6.1.4.1.11150.6.5.0.6",,,"","Roamware-RDB-V2-MIB","Indicates that the connection with the SS7Probe is lost/gained/paused/resumed."
"rdbIMDBConn",".iso.org.dod.internet.private.enterprises.roamware.rdb-mob.rdbTrapsModule.rdbTrapsGroup.rdbIMDBConn",".1.3.6.1.4.1.11150.6.5.0.7",,,"","Roamware-RDB-V2-MIB","Indicates that the connection with the roamer cache server is lost/gained."
"rdbTDRConn",".iso.org.dod.internet.private.enterprises.roamware.rdb-mob.rdbTrapsModule.rdbTrapsGroup.rdbTDRConn",".1.3.6.1.4.1.11150.6.5.0.8",,,"","Roamware-RDB-V2-MIB","Indicates that the connection with the TDR interface is lost/gained."
"rdbNoMesgFromProbe",".iso.org.dod.internet.private.enterprises.roamware.rdb-mob.rdbTrapsModule.rdbTrapsGroup.rdbNoMesgFromProbe",".1.3.6.1.4.1.11150.6.5.0.9",,,"","Roamware-RDB-V2-MIB","Indicates that no messages are received from Probe for a configurable period."
"rdbProbeMsgPoolStatus",".iso.org.dod.internet.private.enterprises.roamware.rdb-mob.rdbTrapsModule.rdbTrapsGroup.rdbProbeMsgPoolStatus",".1.3.6.1.4.1.11150.6.5.0.10",,,"","Roamware-RDB-V2-MIB","Indicates the status of probe message pool."
"rdbEventQueue",".iso.org.dod.internet.private.enterprises.roamware.rdb-mob.rdbTrapsModule.rdbTrapsGroup.rdbEventQueue",".1.3.6.1.4.1.11150.6.5.0.11",,,"","Roamware-RDB-V2-MIB","Indicates the status of event queue."
"rdbEODFailure",".iso.org.dod.internet.private.enterprises.roamware.rdb-mob.rdbTrapsModule.rdbTrapsGroup.rdbEODFailure",".1.3.6.1.4.1.11150.6.5.0.12",,,"","Roamware-RDB-V2-MIB","Indicates that the EOD process has failed."
"rdbHeartbeat",".iso.org.dod.internet.private.enterprises.roamware.rdb-mob.rdbTrapsModule.rdbTrapsGroup.rdbHeartbeat",".1.3.6.1.4.1.11150.6.5.0.13",,,"","Roamware-RDB-V2-MIB","Sent periodically to indicate that DBWriter is alive."
"rdbAllocatorDeplete",".iso.org.dod.internet.private.enterprises.roamware.rdb-mob.rdbTrapsModule.rdbTrapsGroup.rdbAllocatorDeplete",".1.3.6.1.4.1.11150.6.5.0.14",,,"","Roamware-RDB-V2-MIB","Indicates that an MSU allocator buffer is depleting."
"rdbMsgPoolStatus",".iso.org.dod.internet.private.enterprises.roamware.rdb-mob.rdbTrapsModule.rdbTrapsGroup.rdbMsgPoolStatus",".1.3.6.1.4.1.11150.6.5.0.15",,,"","Roamware-RDB-V2-MIB","Indicates the status of message mtp2 pool."
"callgwClientConnStatus",".iso.org.dod.internet.private.enterprises.roamware.rdb-mob.rdbTrapsModule.rdbTrapsGroup.callgwClientConnStatus",".1.3.6.1.4.1.11150.6.5.0.16",,,"","Roamware-RDB-V2-MIB","Indicates Roamware ISUPGateway Client connection status."
"msuProcessingCapacity",".iso.org.dod.internet.private.enterprises.roamware.rdb-mob.rdbTrapsModule.rdbTrapsGroup.msuProcessingCapacity",".1.3.6.1.4.1.11150.6.5.0.17",,,"","Roamware-RDB-V2-MIB","Indicates status of number of MTP2 MSU received by DBWriter."
"smTimeoutStatus",".iso.org.dod.internet.private.enterprises.roamware.rdb-mob.rdbTrapsModule.rdbTrapsGroup.smTimeoutStatus",".1.3.6.1.4.1.11150.6.5.0.18",,,"","Roamware-RDB-V2-MIB","Indicates status of percentage number statemachines of MTP2 MSU received by DBWriter."
"rdbTrapsResync",".iso.org.dod.internet.private.enterprises.roamware.rdb-mob.rdbTrapsModule.rdbTrapsGroup.rdbTrapsResync",".1.3.6.1.4.1.11150.6.5.0.19",,,"","Roamware-RDB-V2-MIB","Indicates the start and end of a trap resync operation."
"sdsSysUp",".iso.org.dod.internet.private.enterprises.roamware.sds-mob.sdsAlarmModule.sdsAlarmGroup.sdsSysUp",".1.3.6.1.4.1.11150.84.10.0.1",,,"","Roamware-SDS2-V2-MIB","Indicates that the sds instance is up and active."
"sdsSysDown",".iso.org.dod.internet.private.enterprises.roamware.sds-mob.sdsAlarmModule.sdsAlarmGroup.sdsSysDown",".1.3.6.1.4.1.11150.84.10.0.2",,,"","Roamware-SDS2-V2-MIB","Indicates that the sds instance is shutting down."
"sdsTrapDBConnStatus",".iso.org.dod.internet.private.enterprises.roamware.sds-mob.sdsAlarmModule.sdsAlarmGroup.sdsTrapDBConnStatus",".1.3.6.1.4.1.11150.84.10.0.3",,,"","Roamware-SDS2-V2-MIB","Indicates that connection to a database connection pool is up or down."
"sdsTrapIPCBConnStatus",".iso.org.dod.internet.private.enterprises.roamware.sds-mob.sdsAlarmModule.sdsAlarmGroup.sdsTrapIPCBConnStatus",".1.3.6.1.4.1.11150.84.10.0.4",,,"","Roamware-SDS2-V2-MIB","Indicates that connection to an IPCB daemon is up or down."
"sdsTrapEventQueueStatus",".iso.org.dod.internet.private.enterprises.roamware.sds-mob.sdsAlarmModule.sdsAlarmGroup.sdsTrapEventQueueStatus",".1.3.6.1.4.1.11150.84.10.0.5",,,"","Roamware-SDS2-V2-MIB","Indicates that the event queue is above or below high/low water mark."
"sdsTrapDBWStatus",".iso.org.dod.internet.private.enterprises.roamware.sds-mob.sdsAlarmModule.sdsAlarmGroup.sdsTrapDBWStatus",".1.3.6.1.4.1.11150.84.10.0.6",,,"","Roamware-SDS2-V2-MIB","Indicates that connection to a DB writer instance (TDR interface) is up or down."
"sdsTrapCGWStatus",".iso.org.dod.internet.private.enterprises.roamware.sds-mob.sdsAlarmModule.sdsAlarmGroup.sdsTrapCGWStatus",".1.3.6.1.4.1.11150.84.10.0.7",,,"","Roamware-SDS2-V2-MIB","Indicates that connection to a DB writer instance (Call Gateway) is up or down."
"sdsTrapSMSCConnStatus",".iso.org.dod.internet.private.enterprises.roamware.sds-mob.sdsAlarmModule.sdsAlarmGroup.sdsTrapSMSCConnStatus",".1.3.6.1.4.1.11150.84.10.0.8",,,"","Roamware-SDS2-V2-MIB","Indicates that connection to an SMSC connection pool is up or down."
"sdsTrapDNISAllocFail",".iso.org.dod.internet.private.enterprises.roamware.sds-mob.sdsAlarmModule.sdsAlarmGroup.sdsTrapDNISAllocFail",".1.3.6.1.4.1.11150.84.10.0.9",,,"","Roamware-SDS2-V2-MIB","Indicates that allocation of a temporary DNIS mapping failed."
"sdsTrapDNISRemoveFail",".iso.org.dod.internet.private.enterprises.roamware.sds-mob.sdsAlarmModule.sdsAlarmGroup.sdsTrapDNISRemoveFail",".1.3.6.1.4.1.11150.84.10.0.10",,,"","Roamware-SDS2-V2-MIB","Indicates that removal of a temporary DNIS mapping failed."
"sdsTrapDNISInsertFail",".iso.org.dod.internet.private.enterprises.roamware.sds-mob.sdsAlarmModule.sdsAlarmGroup.sdsTrapDNISInsertFail",".1.3.6.1.4.1.11150.84.10.0.11",,,"","Roamware-SDS2-V2-MIB","Indicates that insertion of a temporary DNIS mapping failed."
"sdsTrapDNISLookupFail",".iso.org.dod.internet.private.enterprises.roamware.sds-mob.sdsAlarmModule.sdsAlarmGroup.sdsTrapDNISLookupFail",".1.3.6.1.4.1.11150.84.10.0.12",,,"","Roamware-SDS2-V2-MIB","Indicates that lookup of a temporary DNIS mapping failed."
"sdsTrapDNISPoolExhaust",".iso.org.dod.internet.private.enterprises.roamware.sds-mob.sdsAlarmModule.sdsAlarmGroup.sdsTrapDNISPoolExhaust",".1.3.6.1.4.1.11150.84.10.0.13",,,"","Roamware-SDS2-V2-MIB","Indicates that a named DNIS allocation pool is used up."
"sdsCacheLoadingStatus",".iso.org.dod.internet.private.enterprises.roamware.sds-mob.sdsAlarmModule.sdsAlarmGroup.sdsCacheLoadingStatus",".1.3.6.1.4.1.11150.84.10.0.14",,,"","Roamware-SDS2-V2-MIB","Indicates that loading of a Cache was a success or failure."
"sdsFileTransferError",".iso.org.dod.internet.private.enterprises.roamware.sds-mob.sdsAlarmModule.sdsAlarmGroup.sdsFileTransferError",".1.3.6.1.4.1.11150.84.10.0.15",,,"","Roamware-SDS2-V2-MIB","Indicates a problem with file transfer."
"sdsFileRotateFail",".iso.org.dod.internet.private.enterprises.roamware.sds-mob.sdsAlarmModule.sdsAlarmGroup.sdsFileRotateFail",".1.3.6.1.4.1.11150.84.10.0.16",,,"","Roamware-SDS2-V2-MIB","Indicates a problem with file rotation."
"sdsFilePollFail",".iso.org.dod.internet.private.enterprises.roamware.sds-mob.sdsAlarmModule.sdsAlarmGroup.sdsFilePollFail",".1.3.6.1.4.1.11150.84.10.0.17",,,"","Roamware-SDS2-V2-MIB","Indicates that a file poller task was aborted."
"sdsFileWriteFail",".iso.org.dod.internet.private.enterprises.roamware.sds-mob.sdsAlarmModule.sdsAlarmGroup.sdsFileWriteFail",".1.3.6.1.4.1.11150.84.10.0.18",,,"","Roamware-SDS2-V2-MIB","Indicates a failure to write to a file."
"sdsTrapRoleChange",".iso.org.dod.internet.private.enterprises.roamware.sds-mob.sdsAlarmModule.sdsAlarmGroup.sdsTrapRoleChange",".1.3.6.1.4.1.11150.84.10.0.19",,,"","Roamware-SDS2-V2-MIB","Indicates a change in the role of a service instance for a feature"
"sdsTrapRecvdTCAPAbortExceeded",".iso.org.dod.internet.private.enterprises.roamware.sds-mob.sdsAlarmModule.sdsAlarmGroup.sdsTrapRecvdTCAPAbortExceeded",".1.3.6.1.4.1.11150.84.10.0.20",,,"","Roamware-SDS2-V2-MIB","Indicates that Aborts are being received for a high percentage of transactions"
"sdsTrapRecvdTCAPErrorExceeded",".iso.org.dod.internet.private.enterprises.roamware.sds-mob.sdsAlarmModule.sdsAlarmGroup.sdsTrapRecvdTCAPErrorExceeded",".1.3.6.1.4.1.11150.84.10.0.21",,,"","Roamware-SDS2-V2-MIB","Indicates that Return Errors are being received for a high percentage of transactions"
"sdsTrapRecvdTCAPRejectExceeded",".iso.org.dod.internet.private.enterprises.roamware.sds-mob.sdsAlarmModule.sdsAlarmGroup.sdsTrapRecvdTCAPRejectExceeded",".1.3.6.1.4.1.11150.84.10.0.22",,,"","Roamware-SDS2-V2-MIB","Indicates that Rejects are being received for a high percentage of transactions"
"sdsTrapIPProbeStatus",".iso.org.dod.internet.private.enterprises.roamware.sds-mob.sdsAlarmModule.sdsAlarmGroup.sdsTrapIPProbeStatus",".1.3.6.1.4.1.11150.84.10.0.23",,,"","Roamware-SDS2-V2-MIB","Indicates that connection to an IP Probe instance is up or down."
"sdsTrapEODStatus",".iso.org.dod.internet.private.enterprises.roamware.sds-mob.sdsAlarmModule.sdsAlarmGroup.sdsTrapEODStatus",".1.3.6.1.4.1.11150.84.10.0.24",,,"","Roamware-SDS2-V2-MIB","Indicates that SDS EOD execution has failed."
"sdsNetworkKPIStatus",".iso.org.dod.internet.private.enterprises.roamware.sds-mob.sdsAlarmModule.sdsAlarmGroup.sdsNetworkKPIStatus",".1.3.6.1.4.1.11150.84.10.0.25",,,"","Roamware-SDS2-V2-MIB","Indicates that the status of a KPI for a network"
"sdsNodeKPIStatus",".iso.org.dod.internet.private.enterprises.roamware.sds-mob.sdsAlarmModule.sdsAlarmGroup.sdsNodeKPIStatus",".1.3.6.1.4.1.11150.84.10.0.26",,,"","Roamware-SDS2-V2-MIB","Indicates that the status of a KPI for a node"
"sdsNetworkKPIWatchStatus",".iso.org.dod.internet.private.enterprises.roamware.sds-mob.sdsAlarmModule.sdsAlarmGroup.sdsNetworkKPIWatchStatus",".1.3.6.1.4.1.11150.84.10.0.27",,,"","Roamware-SDS2-V2-MIB","Indicates that there has been no activity with respect to a KPI for a network"
"sdsNodeKPIWatchStatus",".iso.org.dod.internet.private.enterprises.roamware.sds-mob.sdsAlarmModule.sdsAlarmGroup.sdsNodeKPIWatchStatus",".1.3.6.1.4.1.11150.84.10.0.28",,,"","Roamware-SDS2-V2-MIB","Indicates that there has been no activity with respect to a KPI for a node"
"sdsNetworkKPIDelta",".iso.org.dod.internet.private.enterprises.roamware.sds-mob.sdsAlarmModule.sdsAlarmGroup.sdsNetworkKPIDelta",".1.3.6.1.4.1.11150.84.10.0.29",,,"","Roamware-SDS2-V2-MIB","EXPERIMENTAL - WILL CHANGE IN NEXT RELEASE:Indicates that the status of a KPI for a network"
"sdsNodeKPIDelta",".iso.org.dod.internet.private.enterprises.roamware.sds-mob.sdsAlarmModule.sdsAlarmGroup.sdsNodeKPIDelta",".1.3.6.1.4.1.11150.84.10.0.30",,,"","Roamware-SDS2-V2-MIB","EXPERIMENTAL - WILL CHANGE IN NEXT RELEASE:Indicates that the status of a KPI for a node"
"sdsTrapDBPollFail",".iso.org.dod.internet.private.enterprises.roamware.sds-mob.sdsAlarmModule.sdsAlarmGroup.sdsTrapDBPollFail",".1.3.6.1.4.1.11150.84.10.0.31",,,"","Roamware-SDS2-V2-MIB","Indicates that a database table poller task failed"
"sdsTrapOpenRateStatus",".iso.org.dod.internet.private.enterprises.roamware.sds-mob.sdsAlarmModule.sdsAlarmGroup.sdsTrapOpenRateStatus",".1.3.6.1.4.1.11150.84.10.0.32",,,"","Roamware-SDS2-V2-MIB","Indicates that connection to a OpenRate instance (Rating Engine interface) is up or down."
"sdsTrapResyncOp",".iso.org.dod.internet.private.enterprises.roamware.sds-mob.sdsAlarmModule.sdsAlarmGroup.sdsTrapResyncOp",".1.3.6.1.4.1.11150.84.10.0.34",,,"","Roamware-SDS2-V2-MIB","Indicates that a trap resync operation is in progress."
"sdsTrapHeartbeat",".iso.org.dod.internet.private.enterprises.roamware.sds-mob.sdsAlarmModule.sdsAlarmGroup.sdsTrapHeartbeat",".1.3.6.1.4.1.11150.84.10.0.35",,,"","Roamware-SDS2-V2-MIB","Heartbeat trap to indicate that a process is alive (severity is always normal)."
"sdsTrapExecFail",".iso.org.dod.internet.private.enterprises.roamware.sds-mob.sdsAlarmModule.sdsAlarmGroup.sdsTrapExecFail",".1.3.6.1.4.1.11150.84.10.0.36",,,"","Roamware-SDS2-V2-MIB","Indicates a failure in execution of some component."
"sdsTrapChargingGatewayStatus",".iso.org.dod.internet.private.enterprises.roamware.sds-mob.sdsAlarmModule.sdsAlarmGroup.sdsTrapChargingGatewayStatus",".1.3.6.1.4.1.11150.84.10.0.37",,,"","Roamware-SDS2-V2-MIB","Indicates that connection to the charging gateway is up or down."
"sdsTrapDNISKPIThresholdCrossed",".iso.org.dod.internet.private.enterprises.roamware.sds-mob.sdsAlarmModule.sdsAlarmGroup.sdsTrapDNISKPIThresholdCrossed",".1.3.6.1.4.1.11150.84.10.0.38",,,"","Roamware-SDS2-V2-MIB","Indicates a DNIS KPI threshold breach."
"sdsIPProbeRADIUSConnectionStatus",".iso.org.dod.internet.private.enterprises.roamware.sds-mob.sdsAlarmModule.sdsAlarmGroup.sdsIPProbeRADIUSConnectionStatus",".1.3.6.1.4.1.11150.84.10.0.39",,,"","Roamware-SDS2-V2-MIB","Indicates that connection to an IP Probe RADIUS instance is up or down."
"sdsTrapLDAPConnStatus",".iso.org.dod.internet.private.enterprises.roamware.sds-mob.sdsAlarmModule.sdsAlarmGroup.sdsTrapLDAPConnStatus",".1.3.6.1.4.1.11150.84.10.0.40",,,"","Roamware-SDS2-V2-MIB","Indicates that connection to a LDAP connection pool is up or down."
"sdsTrapHTTPStatus",".iso.org.dod.internet.private.enterprises.roamware.sds-mob.sdsAlarmModule.sdsAlarmGroup.sdsTrapHTTPStatus",".1.3.6.1.4.1.11150.84.10.0.41",,,"","Roamware-SDS2-V2-MIB","Indicates that connection to a HTTP is up or down."
"sdsTrapDiameterPeerAddressStatus",".iso.org.dod.internet.private.enterprises.roamware.sds-mob.sdsAlarmModule.sdsAlarmGroup.sdsTrapDiameterPeerAddressStatus",".1.3.6.1.4.1.11150.84.10.0.42",,,"","Roamware-SDS2-V2-MIB","Indicates that a particular address belonging to a Diameter peer is up or down."
"sdsTrapDiameterPeerStatus",".iso.org.dod.internet.private.enterprises.roamware.sds-mob.sdsAlarmModule.sdsAlarmGroup.sdsTrapDiameterPeerStatus",".1.3.6.1.4.1.11150.84.10.0.43",,,"","Roamware-SDS2-V2-MIB","Indicates that a Diameter peer is up or down."
"sdsTrapRPCStatus",".iso.org.dod.internet.private.enterprises.roamware.sds-mob.sdsAlarmModule.sdsAlarmGroup.sdsTrapRPCStatus",".1.3.6.1.4.1.11150.84.10.0.44",,,"","Roamware-SDS2-V2-MIB","Indicates that connection to a RPC module is up or down."
"sdsTrapPassivePubClientStatus",".iso.org.dod.internet.private.enterprises.roamware.sds-mob.sdsAlarmModule.sdsAlarmGroup.sdsTrapPassivePubClientStatus",".1.3.6.1.4.1.11150.84.10.0.45",,,"","Roamware-SDS2-V2-MIB","Indicates that Roamware Passive Publisher's client application is disconnected or connected."
"sdsFilePollNoFile",".iso.org.dod.internet.private.enterprises.roamware.sds-mob.sdsAlarmModule.sdsAlarmGroup.sdsFilePollNoFile",".1.3.6.1.4.1.11150.84.10.0.46",,,"","Roamware-SDS2-V2-MIB","Indicates that a file poller did not find any files for processing for a configured number of sweeps."
"sdsExportImportFailed",".iso.org.dod.internet.private.enterprises.roamware.sds-mob.sdsAlarmModule.sdsAlarmGroup.sdsExportImportFailed",".1.3.6.1.4.1.11150.84.10.0.47",,,"","Roamware-SDS2-V2-MIB","Indicates that export import utility got failed."
"sdsTrapTransportServerStatus",".iso.org.dod.internet.private.enterprises.roamware.sds-mob.sdsAlarmModule.sdsAlarmGroup.sdsTrapTransportServerStatus",".1.3.6.1.4.1.11150.84.10.0.48",,,"","Roamware-SDS2-V2-MIB","Indicates that Transport Server is disconnected or connected."
"sdsTrapDiaResponseSendTime",".iso.org.dod.internet.private.enterprises.roamware.sds-mob.sdsAlarmModule.sdsAlarmGroup.sdsTrapDiaResponseSendTime",".1.3.6.1.4.1.11150.84.10.0.49",,,"","Roamware-SDS2-V2-MIB","Indicates high response time for diamter requests made."
"sdsTrapDiaResponseReceiveTime",".iso.org.dod.internet.private.enterprises.roamware.sds-mob.sdsAlarmModule.sdsAlarmGroup.sdsTrapDiaResponseReceiveTime",".1.3.6.1.4.1.11150.84.10.0.50",,,"","Roamware-SDS2-V2-MIB","Indicates high response time for incomming diamter requests."
"sdsTrapDiaRecvdErrorExceeded",".iso.org.dod.internet.private.enterprises.roamware.sds-mob.sdsAlarmModule.sdsAlarmGroup.sdsTrapDiaRecvdErrorExceeded",".1.3.6.1.4.1.11150.84.10.0.51",,,"","Roamware-SDS2-V2-MIB","Indicates high incoming error for outgoing diameter request."
"sdsTrapDiaRecvdRequestDelta",".iso.org.dod.internet.private.enterprises.roamware.sds-mob.sdsAlarmModule.sdsAlarmGroup.sdsTrapDiaRecvdRequestDelta",".1.3.6.1.4.1.11150.84.10.0.52",,,"","Roamware-SDS2-V2-MIB","Indicates fluctuation in incoming diameter request count."
"sdsTrapDiaSentRequestTimeout",".iso.org.dod.internet.private.enterprises.roamware.sds-mob.sdsAlarmModule.sdsAlarmGroup.sdsTrapDiaSentRequestTimeout",".1.3.6.1.4.1.11150.84.10.0.53",,,"","Roamware-SDS2-V2-MIB","Indicates high time out count for outgoing diameter requests."
"sdsTrapDiaSentRequestUnavailable",".iso.org.dod.internet.private.enterprises.roamware.sds-mob.sdsAlarmModule.sdsAlarmGroup.sdsTrapDiaSentRequestUnavailable",".1.3.6.1.4.1.11150.84.10.0.54",,,"","Roamware-SDS2-V2-MIB","Indicates high unavailable count for outgoing diameter request."
"sdsTrapDiaGlobalInPeerCongestion",".iso.org.dod.internet.private.enterprises.roamware.sds-mob.sdsAlarmModule.sdsAlarmGroup.sdsTrapDiaGlobalInPeerCongestion",".1.3.6.1.4.1.11150.84.10.0.55",,,"","Roamware-SDS2-V2-MIB","Indicates Global Peer Congestion for Incoming Request."
"sdsTrapDiaGlobalInHostCongestion",".iso.org.dod.internet.private.enterprises.roamware.sds-mob.sdsAlarmModule.sdsAlarmGroup.sdsTrapDiaGlobalInHostCongestion",".1.3.6.1.4.1.11150.84.10.0.56",,,"","Roamware-SDS2-V2-MIB","Indicates Global Host Congestion for Incoming Request."
"sdsTrapDiaInPeerCongestion",".iso.org.dod.internet.private.enterprises.roamware.sds-mob.sdsAlarmModule.sdsAlarmGroup.sdsTrapDiaInPeerCongestion",".1.3.6.1.4.1.11150.84.10.0.57",,,"","Roamware-SDS2-V2-MIB","Indicates Peer Congestion for Incoming Request."
"sdsTrapDiaInHostCongestion",".iso.org.dod.internet.private.enterprises.roamware.sds-mob.sdsAlarmModule.sdsAlarmGroup.sdsTrapDiaInHostCongestion",".1.3.6.1.4.1.11150.84.10.0.58",,,"","Roamware-SDS2-V2-MIB","Indicates Host Congestion for Incoming Request."
"sdsTrapDiaOutPeerCongestion",".iso.org.dod.internet.private.enterprises.roamware.sds-mob.sdsAlarmModule.sdsAlarmGroup.sdsTrapDiaOutPeerCongestion",".1.3.6.1.4.1.11150.84.10.0.59",,,"","Roamware-SDS2-V2-MIB","Indicates Peer Congestion for Outgoing Request."
"sdsTrapDiaOutHostCongestion",".iso.org.dod.internet.private.enterprises.roamware.sds-mob.sdsAlarmModule.sdsAlarmGroup.sdsTrapDiaOutHostCongestion",".1.3.6.1.4.1.11150.84.10.0.60",,,"","Roamware-SDS2-V2-MIB","Indicates Peer Congestion for Outgoing Request."
"sdsTrapPassivePubClientStatus2",".iso.org.dod.internet.private.enterprises.roamware.sds-mob.sdsAlarmModule.sdsAlarmGroup.sdsTrapPassivePubClientStatus2",".1.3.6.1.4.1.11150.84.10.0.61",,,"","Roamware-SDS2-V2-MIB","Indicates that Roamware Passive Publisher's client application is disconnected or connected."
"sdsTrapCGWStatus2",".iso.org.dod.internet.private.enterprises.roamware.sds-mob.sdsAlarmModule.sdsAlarmGroup.sdsTrapCGWStatus2",".1.3.6.1.4.1.11150.84.10.0.62",,,"","Roamware-SDS2-V2-MIB","Indicates that connection to a DB writer instance (Call Gateway) is up or down."
"sdsTrapIPProbeStatus2",".iso.org.dod.internet.private.enterprises.roamware.sds-mob.sdsAlarmModule.sdsAlarmGroup.sdsTrapIPProbeStatus2",".1.3.6.1.4.1.11150.84.10.0.63",,,"","Roamware-SDS2-V2-MIB","Indicates that connection to an IP Probe instance is up or down."
"sdsTrapDBWStatus2",".iso.org.dod.internet.private.enterprises.roamware.sds-mob.sdsAlarmModule.sdsAlarmGroup.sdsTrapDBWStatus2",".1.3.6.1.4.1.11150.84.10.0.64",,,"","Roamware-SDS2-V2-MIB","Indicates that connection to a DB writer instance (TDR interface) is up or down."
"sdsTrapChargingGatewayStatus2",".iso.org.dod.internet.private.enterprises.roamware.sds-mob.sdsAlarmModule.sdsAlarmGroup.sdsTrapChargingGatewayStatus2",".1.3.6.1.4.1.11150.84.10.0.65",,,"","Roamware-SDS2-V2-MIB","Indicates that connection to the charging gateway is up or down."
"sdsFileTransferError2",".iso.org.dod.internet.private.enterprises.roamware.sds-mob.sdsAlarmModule.sdsAlarmGroup.sdsFileTransferError2",".1.3.6.1.4.1.11150.84.10.0.66",,,"","Roamware-SDS2-V2-MIB","Indicates a problem with file transfer."
"sdsTrapRPCStatus2",".iso.org.dod.internet.private.enterprises.roamware.sds-mob.sdsAlarmModule.sdsAlarmGroup.sdsTrapRPCStatus2",".1.3.6.1.4.1.11150.84.10.0.67",,,"","Roamware-SDS2-V2-MIB","Indicates that connection to a RPC module is up or down."
"sdsTrapIPCBConnStatus2",".iso.org.dod.internet.private.enterprises.roamware.sds-mob.sdsAlarmModule.sdsAlarmGroup.sdsTrapIPCBConnStatus2",".1.3.6.1.4.1.11150.84.10.0.68",,,"","Roamware-SDS2-V2-MIB","Indicates that connection to an IPCB daemon is up or down."
"sdsTrapOpenRateStatus2",".iso.org.dod.internet.private.enterprises.roamware.sds-mob.sdsAlarmModule.sdsAlarmGroup.sdsTrapOpenRateStatus2",".1.3.6.1.4.1.11150.84.10.0.69",,,"","Roamware-SDS2-V2-MIB","Indicates that connection to a OpenRate instance (Rating Engine interface) is up or down."
"sdsTrapSMSCConnStatus2",".iso.org.dod.internet.private.enterprises.roamware.sds-mob.sdsAlarmModule.sdsAlarmGroup.sdsTrapSMSCConnStatus2",".1.3.6.1.4.1.11150.84.10.0.70",,,"","Roamware-SDS2-V2-MIB","Indicates that connection to an SMSC connection pool is up or down."
"sdsIPProbeRADIUSConnectionStatus2",".iso.org.dod.internet.private.enterprises.roamware.sds-mob.sdsAlarmModule.sdsAlarmGroup.sdsIPProbeRADIUSConnectionStatus2",".1.3.6.1.4.1.11150.84.10.0.71",,,"","Roamware-SDS2-V2-MIB","Indicates that connection to an IP Probe RADIUS instance is up or down."
"sdsTrapDiameterPeerAddressStatus2",".iso.org.dod.internet.private.enterprises.roamware.sds-mob.sdsAlarmModule.sdsAlarmGroup.sdsTrapDiameterPeerAddressStatus2",".1.3.6.1.4.1.11150.84.10.0.72",,,"","Roamware-SDS2-V2-MIB","Indicates that a particular address belonging to a Diameter peer is up or down."
"sdsTrapTransportServerStatus2",".iso.org.dod.internet.private.enterprises.roamware.sds-mob.sdsAlarmModule.sdsAlarmGroup.sdsTrapTransportServerStatus2",".1.3.6.1.4.1.11150.84.10.0.73",,,"","Roamware-SDS2-V2-MIB","Indicates that Transport Server is disconnected or connected."
"sdsSysNoResp",".iso.org.dod.internet.private.enterprises.roamware.gen-mob.sdsTraps.sdsTrapsGroup.sdsSysNoResp",".1.3.6.1.4.1.11150.1.4.0.1",,,"","Roamware-SDS-V2-MIB","Indicates that a service is not responding to the system health monitor."
"sdsSysHeartbeat",".iso.org.dod.internet.private.enterprises.roamware.gen-mob.sdsTraps.sdsTrapsGroup.sdsSysHeartbeat",".1.3.6.1.4.1.11150.1.4.0.2",,,"","Roamware-SDS-V2-MIB","Indicates a heartbeat to inform that the application is running normally."
"smartSTPSysUp",".iso.org.dod.internet.private.enterprises.roamware.smartstp-mob.smartSTPTrapsModule.smartSTPTrapsGroup.smartSTPSysUp",".1.3.6.1.4.1.11150.69.4.0.1",,,"","Roamware-SmartSTP-V2-MIB","Indicates that the SmartSTP instance is up and active."
"smartSTPSysDown",".iso.org.dod.internet.private.enterprises.roamware.smartstp-mob.smartSTPTrapsModule.smartSTPTrapsGroup.smartSTPSysDown",".1.3.6.1.4.1.11150.69.4.0.2",,,"","Roamware-SmartSTP-V2-MIB","Indicates that the SmartSTP instance is shutting down."
"smartSTPModuleStatus",".iso.org.dod.internet.private.enterprises.roamware.smartstp-mob.smartSTPTrapsModule.smartSTPTrapsGroup.smartSTPModuleStatus",".1.3.6.1.4.1.11150.69.4.0.3",,,"","Roamware-SmartSTP-V2-MIB","Indicates whether an SS7 message queue is being monitored"
"smartSTPAppStatus",".iso.org.dod.internet.private.enterprises.roamware.smartstp-mob.smartSTPTrapsModule.smartSTPTrapsGroup.smartSTPAppStatus",".1.3.6.1.4.1.11150.69.4.0.4",,,"","Roamware-SmartSTP-V2-MIB","Indicates the status of an application."
"smartSTPLinkCO",".iso.org.dod.internet.private.enterprises.roamware.smartstp-mob.smartSTPTrapsModule.smartSTPTrapsGroup.smartSTPLinkCO",".1.3.6.1.4.1.11150.69.4.0.5",,,"","Roamware-SmartSTP-V2-MIB","Indicates link change over/back"
"smartSTPLinkRPO",".iso.org.dod.internet.private.enterprises.roamware.smartstp-mob.smartSTPTrapsModule.smartSTPTrapsGroup.smartSTPLinkRPO",".1.3.6.1.4.1.11150.69.4.0.6",,,"","Roamware-SmartSTP-V2-MIB","Indicates remote processor outage"
"smartSTPLinkCong",".iso.org.dod.internet.private.enterprises.roamware.smartstp-mob.smartSTPTrapsModule.smartSTPTrapsGroup.smartSTPLinkCong",".1.3.6.1.4.1.11150.69.4.0.7",,,"","Roamware-SmartSTP-V2-MIB","Indicates link congestion"
"smartSTPLinksetFail",".iso.org.dod.internet.private.enterprises.roamware.smartstp-mob.smartSTPTrapsModule.smartSTPTrapsGroup.smartSTPLinksetFail",".1.3.6.1.4.1.11150.69.4.0.8",,,"","Roamware-SmartSTP-V2-MIB","Indicates indicates linkset failure"
"smartSTPDestOutage",".iso.org.dod.internet.private.enterprises.roamware.smartstp-mob.smartSTPTrapsModule.smartSTPTrapsGroup.smartSTPDestOutage",".1.3.6.1.4.1.11150.69.4.0.9",,,"","Roamware-SmartSTP-V2-MIB","Indicates destination point code unavailable"
"smartSTPAdjPCOutage",".iso.org.dod.internet.private.enterprises.roamware.smartstp-mob.smartSTPTrapsModule.smartSTPTrapsGroup.smartSTPAdjPCOutage",".1.3.6.1.4.1.11150.69.4.0.10",,,"","Roamware-SmartSTP-V2-MIB","Indicates adjascent point code unavailable"
"smartSTPPCMStatus",".iso.org.dod.internet.private.enterprises.roamware.smartstp-mob.smartSTPTrapsModule.smartSTPTrapsGroup.smartSTPPCMStatus",".1.3.6.1.4.1.11150.69.4.0.11",,,"","Roamware-SmartSTP-V2-MIB","Indicates PCM status (link up/down)"
"smartSTPM3UAssocStatusNotif",".iso.org.dod.internet.private.enterprises.roamware.smartstp-mob.smartSTPTrapsModule.smartSTPTrapsGroup.smartSTPM3UAssocStatusNotif",".1.3.6.1.4.1.11150.69.4.0.12",,,"","Roamware-SmartSTP-V2-MIB","Indicates the status of an M3UA association"
"smartSTPM3UASPStatus",".iso.org.dod.internet.private.enterprises.roamware.smartstp-mob.smartSTPTrapsModule.smartSTPTrapsGroup.smartSTPM3UASPStatus",".1.3.6.1.4.1.11150.69.4.0.13",,,"","Roamware-SmartSTP-V2-MIB","Indicates the status of an M3UA peer ASP"
"smartSTPHeartbeat",".iso.org.dod.internet.private.enterprises.roamware.smartstp-mob.smartSTPTrapsModule.smartSTPTrapsGroup.smartSTPHeartbeat",".1.3.6.1.4.1.11150.69.4.0.14",,,"","Roamware-SmartSTP-V2-MIB","Sent periodically to indicate that Smart STP is alive"
"smartSTPWatchPoolDeplete",".iso.org.dod.internet.private.enterprises.roamware.smartstp-mob.smartSTPTrapsModule.smartSTPTrapsGroup.smartSTPWatchPoolDeplete",".1.3.6.1.4.1.11150.69.4.0.15",,,"","Roamware-SmartSTP-V2-MIB","Sent to indicate that the TCAP BEGIN wacther pool is depleting"
"smartSTPTCAPWatchEff",".iso.org.dod.internet.private.enterprises.roamware.smartstp-mob.smartSTPTrapsModule.smartSTPTrapsGroup.smartSTPTCAPWatchEff",".1.3.6.1.4.1.11150.69.4.0.16",,,"","Roamware-SmartSTP-V2-MIB","Sent to indicate that too many TCAP BEGIN messages are timing out"
"smartSTPRSILinkStatus",".iso.org.dod.internet.private.enterprises.roamware.smartstp-mob.smartSTPTrapsModule.smartSTPTrapsGroup.smartSTPRSILinkStatus",".1.3.6.1.4.1.11150.69.4.0.17",,,"","Roamware-SmartSTP-V2-MIB","Indicates the status of an RSI SIU link"
"smartSTPSCCPDecodeFail",".iso.org.dod.internet.private.enterprises.roamware.smartstp-mob.smartSTPTrapsModule.smartSTPTrapsGroup.smartSTPSCCPDecodeFail",".1.3.6.1.4.1.11150.69.4.0.18",,,"","Roamware-SmartSTP-V2-MIB","Sent to indicate that too many SCCP decodes failed"
"smartSTPTCAPDecodeFail",".iso.org.dod.internet.private.enterprises.roamware.smartstp-mob.smartSTPTrapsModule.smartSTPTrapsGroup.smartSTPTCAPDecodeFail",".1.3.6.1.4.1.11150.69.4.0.19",,,"","Roamware-SmartSTP-V2-MIB","Sent to indicate that too many TCAP decodes failed"
"smartSTPUDTSThreshold",".iso.org.dod.internet.private.enterprises.roamware.smartstp-mob.smartSTPTrapsModule.smartSTPTrapsGroup.smartSTPUDTSThreshold",".1.3.6.1.4.1.11150.69.4.0.20",,,"","Roamware-SmartSTP-V2-MIB","Sent to indicate that for too many messages no match was found in the routing table
and subsequently UDTS were sent"
"smartSTPResyncTrap",".iso.org.dod.internet.private.enterprises.roamware.smartstp-mob.smartSTPTrapsModule.smartSTPTrapsGroup.smartSTPResyncTrap",".1.3.6.1.4.1.11150.69.4.0.21",,,"","Roamware-SmartSTP-V2-MIB","Emitted before and after a trap resynchronization process"
"smartSTPCicStateChange",".iso.org.dod.internet.private.enterprises.roamware.smartstp-mob.smartSTPTrapsModule.smartSTPTrapsGroup.smartSTPCicStateChange",".1.3.6.1.4.1.11150.69.4.0.22",,,"","Roamware-SmartSTP-V2-MIB","Sent when CICs in an ISUP circuit group get blocked or unblocked"
"smartSTPSCTPAssocStatusNotif",".iso.org.dod.internet.private.enterprises.roamware.smartstp-mob.smartSTPTrapsModule.smartSTPTrapsGroup.smartSTPSCTPAssocStatusNotif",".1.3.6.1.4.1.11150.69.4.0.23",,,"","Roamware-SmartSTP-V2-MIB","Indicates the status of an SCTP association"
"smartSTPSCTPPathStatusNotif",".iso.org.dod.internet.private.enterprises.roamware.smartstp-mob.smartSTPTrapsModule.smartSTPTrapsGroup.smartSTPSCTPPathStatusNotif",".1.3.6.1.4.1.11150.69.4.0.24",,,"","Roamware-SmartSTP-V2-MIB","Indicates the status of an SCTP association path"
"smartSTPLicenseCongestion",".iso.org.dod.internet.private.enterprises.roamware.smartstp-mob.smartSTPTrapsModule.smartSTPTrapsGroup.smartSTPLicenseCongestion",".1.3.6.1.4.1.11150.69.4.0.25",,,"","Roamware-SmartSTP-V2-MIB","Indicates SIGTRAN license breach"
"smartSTPGCTCongestion",".iso.org.dod.internet.private.enterprises.roamware.smartstp-mob.smartSTPTrapsModule.smartSTPTrapsGroup.smartSTPGCTCongestion",".1.3.6.1.4.1.11150.69.4.0.26",,,"","Roamware-SmartSTP-V2-MIB","Indicates GCT Environment condition state"
"smartSTPDSIBoardEvent",".iso.org.dod.internet.private.enterprises.roamware.smartstp-mob.smartSTPTrapsModule.smartSTPTrapsGroup.smartSTPDSIBoardEvent",".1.3.6.1.4.1.11150.69.4.0.27",,,"","Roamware-SmartSTP-V2-MIB","Indicates Dialogic Board Status:ResetOK or Failed"
"smartSTPUDTSRecvThreshold",".iso.org.dod.internet.private.enterprises.roamware.smartstp-mob.smartSTPTrapsModule.smartSTPTrapsGroup.smartSTPUDTSRecvThreshold",".1.3.6.1.4.1.11150.69.4.0.28",,,"","Roamware-SmartSTP-V2-MIB","Sent to indicate that for too many messages received from the stack"
"sprsSysUp",".iso.org.dod.internet.private.enterprises.roamware.sprs-mob.sprsTrapsGroup.sprsSysUp",".1.3.6.1.4.1.11150.71.13.1",,,"","Roamware-SPRS-MIB","Indicates that the sprs system is up and active."
"sprsSysDown",".iso.org.dod.internet.private.enterprises.roamware.sprs-mob.sprsTrapsGroup.sprsSysDown",".1.3.6.1.4.1.11150.71.13.2",,,"","Roamware-SPRS-MIB","Indicates that the sprs system is down."
"sprsDBDown",".iso.org.dod.internet.private.enterprises.roamware.sprs-mob.sprsTrapsGroup.sprsDBDown",".1.3.6.1.4.1.11150.71.13.4",,,"","Roamware-SPRS-MIB","Indicates DataBase Connection Fails."
"sprsUnableToAllocatePDPCtxtMemory",".iso.org.dod.internet.private.enterprises.roamware.sprs-mob.sprsTrapsGroup.sprsUnableToAllocatePDPCtxtMemory",".1.3.6.1.4.1.11150.71.13.8",,,"","Roamware-SPRS-MIB","Indicates PDP context memory is full."
"sprsIMSIMapRescan",".iso.org.dod.internet.private.enterprises.roamware.sprs-mob.sprsTrapsGroup.sprsIMSIMapRescan",".1.3.6.1.4.1.11150.71.13.9",,,"","Roamware-SPRS-MIB","Indicates that the rescan of Sprs IMSI Mapping cache has started/completed/failed."
"sprsSQLExecution",".iso.org.dod.internet.private.enterprises.roamware.sprs-mob.sprsTrapsGroup.sprsSQLExecution",".1.3.6.1.4.1.11150.71.13.10",,,"","Roamware-SPRS-MIB","Indicates that SQL statement execution take more time then the configured threshold value."
"sprsSessionsRejected",".iso.org.dod.internet.private.enterprises.roamware.sprs-mob.sprsTrapsGroup.sprsSessionsRejected",".1.3.6.1.4.1.11150.71.13.11",,,"","Roamware-SPRS-MIB","Indicates that too many sessions rejected or rejection of sessions reduced."
"sprsSessionsFailed",".iso.org.dod.internet.private.enterprises.roamware.sprs-mob.sprsTrapsGroup.sprsSessionsFailed",".1.3.6.1.4.1.11150.71.13.12",,,"","Roamware-SPRS-MIB","Indicates that too many sessions failed or failing of sessions reduced."
"sprsSessionsRequest",".iso.org.dod.internet.private.enterprises.roamware.sprs-mob.sprsTrapsGroup.sprsSessionsRequest",".1.3.6.1.4.1.11150.71.13.13",,,"","Roamware-SPRS-MIB","Indicates that Requested Sessions is above high water mark or Requested Sessions is reduced below low water mark."
"sprsGTPMsgQueueThreshold",".iso.org.dod.internet.private.enterprises.roamware.sprs-mob.sprsTrapsGroup.sprsGTPMsgQueueThreshold",".1.3.6.1.4.1.11150.71.13.14",,,"","Roamware-SPRS-MIB","Indicates that the GTP Message Queue is goes above the threshold, goes below the threshold or goes to full capacity."
"sprsStrHomeProfileDNSReqFailed",".iso.org.dod.internet.private.enterprises.roamware.sprs-mob.sprsTrapsGroup.sprsStrHomeProfileDNSReqFailed",".1.3.6.1.4.1.11150.71.13.15",,,"","Roamware-SPRS-MIB","Indicates that too many Home Profile DNS Request Failed or failing of Home Profile DNS Request reduced."
"sprsStrLocalProfileDNSReqFailed",".iso.org.dod.internet.private.enterprises.roamware.sprs-mob.sprsTrapsGroup.sprsStrLocalProfileDNSReqFailed",".1.3.6.1.4.1.11150.71.13.16",,,"","Roamware-SPRS-MIB","Indicates that too many Local Profile DNS Request Failed or failing of Local Profile DNS Request reduced."
"dnsQueryAckErrorAlarm",".iso.org.dod.internet.private.enterprises.roamware.sprs-mob.sprsTrapsGroup.dnsQueryAckErrorAlarm",".1.3.6.1.4.1.11150.71.13.17",,,"","Roamware-SPRS-MIB","Indicates that too many DNS Query error received or receiving of DNS Query error reduced."
"dnsQueryAckTimeoutAlarm",".iso.org.dod.internet.private.enterprises.roamware.sprs-mob.sprsTrapsGroup.dnsQueryAckTimeoutAlarm",".1.3.6.1.4.1.11150.71.13.18",,,"","Roamware-SPRS-MIB","Indicates that too many DNS Query timeout received or receiving of DNS Query timeout reduced."
"srsSysUp",".iso.org.dod.internet.private.enterprises.roamware.srs-mob.srsTrapsGroup.srsSysUp",".1.3.6.1.4.1.11150.11.13.1",,,"","Roamware-srs-MIB","Indicates that the SRS system is up and active."
"srsSysDown",".iso.org.dod.internet.private.enterprises.roamware.srs-mob.srsTrapsGroup.srsSysDown",".1.3.6.1.4.1.11150.11.13.2",,,"","Roamware-srs-MIB","Indicates that the SRS system is shutting down."
"srsInitFailed",".iso.org.dod.internet.private.enterprises.roamware.srs-mob.srsTrapsGroup.srsInitFailed",".1.3.6.1.4.1.11150.11.13.3",,,"","Roamware-srs-MIB","Indicates Initialization of SRS failed."
"srsRemoteSystemDown",".iso.org.dod.internet.private.enterprises.roamware.srs-mob.srsTrapsGroup.srsRemoteSystemDown",".1.3.6.1.4.1.11150.11.13.4",,,"","Roamware-srs-MIB","Obsolete."
"srsSQLExecution",".iso.org.dod.internet.private.enterprises.roamware.srs-mob.srsTrapsGroup.srsSQLExecution",".1.3.6.1.4.1.11150.11.13.5",,,"","Roamware-srs-MIB","Indicates that SQL statement execution take more time then the configured threshold value."
"srsStaticGTMapRescan",".iso.org.dod.internet.private.enterprises.roamware.srs-mob.srsTrapsGroup.srsStaticGTMapRescan",".1.3.6.1.4.1.11150.11.13.6",,,"","Roamware-srs-MIB","Indicates that the rescan of Srs static GT Mapping cache has started/completed/failed."
"srsHubDataRescan",".iso.org.dod.internet.private.enterprises.roamware.srs-mob.srsTrapsGroup.srsHubDataRescan",".1.3.6.1.4.1.11150.11.13.7",,,"","Roamware-srs-MIB","Indicates that the rescan of Srs Hub Data cache has started/completed/failed."
"srsIMSIMapRescan",".iso.org.dod.internet.private.enterprises.roamware.srs-mob.srsTrapsGroup.srsIMSIMapRescan",".1.3.6.1.4.1.11150.11.13.8",,,"","Roamware-srs-MIB","Indicates that the rescan of Srs IMSI Mapping cache has started/completed/failed."
"srsServDataRescan",".iso.org.dod.internet.private.enterprises.roamware.srs-mob.srsTrapsGroup.srsServDataRescan",".1.3.6.1.4.1.11150.11.13.9",,,"","Roamware-srs-MIB","Indicates that the rescan of Srs Service Data cache has started/completed/failed."
"srsPartnerNWDetailsRescan",".iso.org.dod.internet.private.enterprises.roamware.srs-mob.srsTrapsGroup.srsPartnerNWDetailsRescan",".1.3.6.1.4.1.11150.11.13.10",,,"","Roamware-srs-MIB","Indicates that the rescan of Srs Partner network details cache has started/completed/failed."
"srsIMSIRangeRescan",".iso.org.dod.internet.private.enterprises.roamware.srs-mob.srsTrapsGroup.srsIMSIRangeRescan",".1.3.6.1.4.1.11150.11.13.11",,,"","Roamware-srs-MIB","Indicates that the rescan of Srs IMSI Range cache has started/completed/failed."
"srsNwMgmtRescan",".iso.org.dod.internet.private.enterprises.roamware.srs-mob.srsTrapsGroup.srsNwMgmtRescan",".1.3.6.1.4.1.11150.11.13.12",,,"","Roamware-srs-MIB","Indicates that the rescan of Srs Network management cache has started/completed/failed."
"srsSubsBWListRescan",".iso.org.dod.internet.private.enterprises.roamware.srs-mob.srsTrapsGroup.srsSubsBWListRescan",".1.3.6.1.4.1.11150.11.13.13",,,"","Roamware-srs-MIB","Indicates that the rescan of Srs subscriber black/white list cache has started/completed/failed."
"srsSubsBWRangeRescan",".iso.org.dod.internet.private.enterprises.roamware.srs-mob.srsTrapsGroup.srsSubsBWRangeRescan",".1.3.6.1.4.1.11150.11.13.14",,,"","Roamware-srs-MIB","Indicates that the rescan of Srs subscriber black/white range cache has started/completed/failed."
"srsSysParamsCacheRescan",".iso.org.dod.internet.private.enterprises.roamware.srs-mob.srsTrapsGroup.srsSysParamsCacheRescan",".1.3.6.1.4.1.11150.11.13.15",,,"","Roamware-srs-MIB","Indicates that the rescan of Srs system parameter cache has started/completed/failed."
"srsMessagesDropped",".iso.org.dod.internet.private.enterprises.roamware.srs-mob.srsTrapsGroup.srsMessagesDropped",".1.3.6.1.4.1.11150.11.13.16",,,"","Roamware-srs-MIB","Indicates that too many messages dropped or dropping of messages reduced."
"srsDBStatus",".iso.org.dod.internet.private.enterprises.roamware.srs-mob.srsTrapsGroup.srsDBStatus",".1.3.6.1.4.1.11150.11.13.17",,,"","Roamware-srs-MIB","Indicates DataBase Connection Fails."
"srsPoolMappingRescan",".iso.org.dod.internet.private.enterprises.roamware.srs-mob.srsTrapsGroup.srsPoolMappingRescan",".1.3.6.1.4.1.11150.11.13.18",,,"","Roamware-srs-MIB","Indicates that the rescan of Srs pool mapping cache has started/completed/failed."
"srsSponsorDataRescan",".iso.org.dod.internet.private.enterprises.roamware.srs-mob.srsTrapsGroup.srsSponsorDataRescan",".1.3.6.1.4.1.11150.11.13.19",,,"","Roamware-srs-MIB","Indicates that the rescan of Srs sponsor data cache has started/completed/failed."
"srsUdtsReceived",".iso.org.dod.internet.private.enterprises.roamware.srs-mob.srsTrapsGroup.srsUdtsReceived",".1.3.6.1.4.1.11150.11.13.20",,,"","Roamware-srs-MIB","Indicates that received UDTS messages is above high water mark or UDTS message count is reduced below low water mark."
"srsIncomingMSUDeviation",".iso.org.dod.internet.private.enterprises.roamware.srs-mob.srsTrapsGroup.srsIncomingMSUDeviation",".1.3.6.1.4.1.11150.11.13.21",,,"","Roamware-srs-MIB","Indicates that Deviation of Incoming MSUs breached threshold\within expected range\raising severity or lowering severity."
"srsOutgoingMSUDeviation",".iso.org.dod.internet.private.enterprises.roamware.srs-mob.srsTrapsGroup.srsOutgoingMSUDeviation",".1.3.6.1.4.1.11150.11.13.22",,,"","Roamware-srs-MIB","Indicates that Deviation of Outgoing MSUs breached threshold\within expected range\raising severity or lowering severity."
"srsAllianceDetailRescan",".iso.org.dod.internet.private.enterprises.roamware.srs-mob.srsTrapsGroup.srsAllianceDetailRescan",".1.3.6.1.4.1.11150.11.13.23",,,"","Roamware-srs-MIB","Indicates that the rescan of Alliance Details cache has started/completed/failed."
"srsSRISMRoutingDetailRescan",".iso.org.dod.internet.private.enterprises.roamware.srs-mob.srsTrapsGroup.srsSRISMRoutingDetailRescan",".1.3.6.1.4.1.11150.11.13.24",,,"","Roamware-srs-MIB","Indicates that the rescan of SRISM Routing Data cache has started/completed/failed."
"srsLogLoaderUp",".iso.org.dod.internet.private.enterprises.roamware.srs-mob.srsTrapsGroup.srsLogLoaderUp",".1.3.6.1.4.1.11150.11.13.50",,,"","Roamware-srs-MIB","Indicates that the SRS LogLoader is up and active."
"srsLogLoaderDown",".iso.org.dod.internet.private.enterprises.roamware.srs-mob.srsTrapsGroup.srsLogLoaderDown",".1.3.6.1.4.1.11150.11.13.51",,,"","Roamware-srs-MIB","Indicates that the SRS LogLoader is shutting down."
"srsllInitFailed",".iso.org.dod.internet.private.enterprises.roamware.srs-mob.srsTrapsGroup.srsllInitFailed",".1.3.6.1.4.1.11150.11.13.52",,,"","Roamware-srs-MIB","Indicates Initialization of SRS LogLoader failed."
"srsllFileError",".iso.org.dod.internet.private.enterprises.roamware.srs-mob.srsTrapsGroup.srsllFileError",".1.3.6.1.4.1.11150.11.13.53",,,"","Roamware-srs-MIB","Indicates Invalid File Details."
"srsllDBConFail",".iso.org.dod.internet.private.enterprises.roamware.srs-mob.srsTrapsGroup.srsllDBConFail",".1.3.6.1.4.1.11150.11.13.54",,,"","Roamware-srs-MIB","Indicates DataBase Connection Fails."
"srsStaticProvReqUnsuccessAlarm",".iso.org.dod.internet.private.enterprises.roamware.srs-mob.srsTrapsGroup.srsStaticProvReqUnsuccessAlarm",".1.3.6.1.4.1.11150.11.13.31",,,"","Roamware-srs-MIB","Indicates that a very high count of static Provisioning request has been processed unsuccessfully OR Count of static subscriber provisioning request processed unsuccessfully is down to acceptable limit"
"srsSubscriberDeProvReqUnsuccessAlarm",".iso.org.dod.internet.private.enterprises.roamware.srs-mob.srsTrapsGroup.srsSubscriberDeProvReqUnsuccessAlarm",".1.3.6.1.4.1.11150.11.13.32",,,"","Roamware-srs-MIB","Indicates that a very high count of Subscriber DeProvisioning request has been processed unsuccessfully OR Count of subscriber deprovisioning request processed unsuccessfully is down to acceptable limit"
"srsDynamicProvReqUnsuccessAlarm",".iso.org.dod.internet.private.enterprises.roamware.srs-mob.srsTrapsGroup.srsDynamicProvReqUnsuccessAlarm",".1.3.6.1.4.1.11150.11.13.33",,,"","Roamware-srs-MIB","Indicates that a very high count of dynamic Provisioning request has been processed unsuccessfully OR Count of dynamic subscriber provisioning request processed unsuccessfully is down to acceptable limit"
"srsHttpReqUnsuccessCountAlarm",".iso.org.dod.internet.private.enterprises.roamware.srs-mob.srsTrapsGroup.srsHttpReqUnsuccessCountAlarm",".1.3.6.1.4.1.11150.11.13.34",,,"","Roamware-srs-MIB","Indicates that a very high count of location profile provisioning trigger are unsuccessful OR Count of unsuccessful location profile provisioning trigger is down to acceptable limit"
"srsProfProvReqUnsuccessAlarm",".iso.org.dod.internet.private.enterprises.roamware.srs-mob.srsTrapsGroup.srsProfProvReqUnsuccessAlarm",".1.3.6.1.4.1.11150.11.13.35",,,"","Roamware-srs-MIB","Indicates that a very high count of location profile activation trigger received are unsuccessful OR Count of unsuccessful location profile actiavtion trigger received is down to acceptable limit"
"srsProfActReqUnsuccessAlarm",".iso.org.dod.internet.private.enterprises.roamware.srs-mob.srsTrapsGroup.srsProfActReqUnsuccessAlarm",".1.3.6.1.4.1.11150.11.13.36",,,"","Roamware-srs-MIB","Indicates that a very high count of http requests sent to external interfaces are unsuccessful OR Count of unsuccessful http request sent to external interfaces is down to acceptable limit"
"srsProfProvReqSentUnsuccessAlarm",".iso.org.dod.internet.private.enterprises.roamware.srs-mob.srsTrapsGroup.srsProfProvReqSentUnsuccessAlarm",".1.3.6.1.4.1.11150.11.13.37",,,"","Roamware-srs-MIB","Indicates that a very high count of location profile activation trigger sent are unsuccessful OR Count of unsuccessful location profile actiavtion trigger sent is down to acceptable limit"
"srsProfChargingReqUnsuccessAlarm",".iso.org.dod.internet.private.enterprises.roamware.srs-mob.srsTrapsGroup.srsProfChargingReqUnsuccessAlarm",".1.3.6.1.4.1.11150.11.13.38",,,"","Roamware-srs-MIB","Indicates that a very high count of profile charging are unsuccessful OR Count of unsuccessful profile charging is down to acceptable limit"
"srsLteCCRReqUnsuccessAlarm",".iso.org.dod.internet.private.enterprises.roamware.srs-mob.srsTrapsGroup.srsLteCCRReqUnsuccessAlarm",".1.3.6.1.4.1.11150.11.13.61",,,"","Roamware-srs-MIB","Indicates that a very high count of CCR request has been processed unsuccessfully OR Count of CCR request processed unsuccessfully is down to acceptable limit"
"srsLteUlrReqUnsuccessAlarm",".iso.org.dod.internet.private.enterprises.roamware.srs-mob.srsTrapsGroup.srsLteUlrReqUnsuccessAlarm",".1.3.6.1.4.1.11150.11.13.62",,,"","Roamware-srs-MIB","Indicates that a very high count of ULR request has been processed unsuccessfully OR Count of ULR request processed unsuccessfully is down to acceptable limit"
"storeServerSysUp",".iso.org.dod.internet.private.enterprises.roamware.storeServer-mob.storeServerTrapsModule.storeServerTrapsGroup.storeServerSysUp",".1.3.6.1.4.1.11150.88.4.0.1",,,"","Roamware-storeServer-V2-MIB","Indicates that the Store Server is up and active."
"storeServerSysDown",".iso.org.dod.internet.private.enterprises.roamware.storeServer-mob.storeServerTrapsModule.storeServerTrapsGroup.storeServerSysDown",".1.3.6.1.4.1.11150.88.4.0.2",,,"","Roamware-storeServer-V2-MIB","Indicates that the Store Server is shutting down."
"storeServerBusConnStatus",".iso.org.dod.internet.private.enterprises.roamware.storeServer-mob.storeServerTrapsModule.storeServerTrapsGroup.storeServerBusConnStatus",".1.3.6.1.4.1.11150.88.4.0.3",,,"","Roamware-storeServer-V2-MIB","Indicates the change in availability status of message complex."
"storeServerPeerConnStatus",".iso.org.dod.internet.private.enterprises.roamware.storeServer-mob.storeServerTrapsModule.storeServerTrapsGroup.storeServerPeerConnStatus",".1.3.6.1.4.1.11150.88.4.0.4",,,"","Roamware-storeServer-V2-MIB","Indicates the change in peer connection status."
"storeServerTrapsResync",".iso.org.dod.internet.private.enterprises.roamware.storeServer-mob.storeServerTrapsModule.storeServerTrapsGroup.storeServerTrapsResync",".1.3.6.1.4.1.11150.88.4.0.5",,,"","Roamware-storeServer-V2-MIB","Indicates the start and end of a trap resync operation."
"storeServerHeartbeat",".iso.org.dod.internet.private.enterprises.roamware.storeServer-mob.storeServerTrapsModule.storeServerTrapsGroup.storeServerHeartbeat",".1.3.6.1.4.1.11150.88.4.0.6",,,"","Roamware-storeServer-V2-MIB","Sent periodically to indicate that Store Server is alive"
"tcapServerSysUp",".iso.org.dod.internet.private.enterprises.roamware.tcapServer-mob.tcapServerTrapsModule.tcapServerTrapsGroup.tcapServerSysUp",".1.3.6.1.4.1.11150.83.3.0.1",,,"","Roamware-tcapServer-V2-MIB","Indicates that the TCAP Server is up and active."
"tcapServerSysDown",".iso.org.dod.internet.private.enterprises.roamware.tcapServer-mob.tcapServerTrapsModule.tcapServerTrapsGroup.tcapServerSysDown",".1.3.6.1.4.1.11150.83.3.0.2",,,"","Roamware-tcapServer-V2-MIB","Indicates that the TCAP Server is shutting down."
"tcapServerDBConnStatus",".iso.org.dod.internet.private.enterprises.roamware.tcapServer-mob.tcapServerTrapsModule.tcapServerTrapsGroup.tcapServerDBConnStatus",".1.3.6.1.4.1.11150.83.3.0.3",,,"","Roamware-tcapServer-V2-MIB","Indicates the change in connection status of the database server."
"tcapServerBusConnStatus",".iso.org.dod.internet.private.enterprises.roamware.tcapServer-mob.tcapServerTrapsModule.tcapServerTrapsGroup.tcapServerBusConnStatus",".1.3.6.1.4.1.11150.83.3.0.4",,,"","Roamware-tcapServer-V2-MIB","Indicates the change in availability status of message complex."
"tcapServerDlgThresholdStatus",".iso.org.dod.internet.private.enterprises.roamware.tcapServer-mob.tcapServerTrapsModule.tcapServerTrapsGroup.tcapServerDlgThresholdStatus",".1.3.6.1.4.1.11150.83.3.0.5",,,"","Roamware-tcapServer-V2-MIB","Deprecated - replaced by tcapServerNoDlgThresholdStatus"
"tcapServerMsgQThresholdStatus",".iso.org.dod.internet.private.enterprises.roamware.tcapServer-mob.tcapServerTrapsModule.tcapServerTrapsGroup.tcapServerMsgQThresholdStatus",".1.3.6.1.4.1.11150.83.3.0.6",,,"","Roamware-tcapServer-V2-MIB","Indicates that the number of messages in the message queue has reached the threshold value."
"tcapServerSS7ReadNullMsgStatus",".iso.org.dod.internet.private.enterprises.roamware.tcapServer-mob.tcapServerTrapsModule.tcapServerTrapsGroup.tcapServerSS7ReadNullMsgStatus",".1.3.6.1.4.1.11150.83.3.0.7",,,"","Roamware-tcapServer-V2-MIB","Indicates whether SS7 card read on the given queue is failing."
"tcapServerEnDecodesThresholdStatus",".iso.org.dod.internet.private.enterprises.roamware.tcapServer-mob.tcapServerTrapsModule.tcapServerTrapsGroup.tcapServerEnDecodesThresholdStatus",".1.3.6.1.4.1.11150.83.3.0.8",,,"","Roamware-tcapServer-V2-MIB","Indicates the growth of encoding/decoding failures wrt incoming messages."
"tcapServerDefaultActsThresholdStatus",".iso.org.dod.internet.private.enterprises.roamware.tcapServer-mob.tcapServerTrapsModule.tcapServerTrapsGroup.tcapServerDefaultActsThresholdStatus",".1.3.6.1.4.1.11150.83.3.0.9",,,"","Roamware-tcapServer-V2-MIB","Indicates the growth of default actions taken wrt incoming messages."
"tcapServerTrapsResync",".iso.org.dod.internet.private.enterprises.roamware.tcapServer-mob.tcapServerTrapsModule.tcapServerTrapsGroup.tcapServerTrapsResync",".1.3.6.1.4.1.11150.83.3.0.10",,,"","Roamware-tcapServer-V2-MIB","Indicates the start and end of a trap resync operation."
"tcapServerHeartbeat",".iso.org.dod.internet.private.enterprises.roamware.tcapServer-mob.tcapServerTrapsModule.tcapServerTrapsGroup.tcapServerHeartbeat",".1.3.6.1.4.1.11150.83.3.0.11",,,"","Roamware-tcapServer-V2-MIB","Sent periodically to indicate that Tcap Server is alive"
"tcapServerNoDlgThresholdStatus",".iso.org.dod.internet.private.enterprises.roamware.tcapServer-mob.tcapServerTrapsModule.tcapServerTrapsGroup.tcapServerNoDlgThresholdStatus",".1.3.6.1.4.1.11150.83.3.0.12",,,"","Roamware-tcapServer-V2-MIB","Indicates that there was no free dialog available for incoming transaction"
